R,G,B,Label,Confidence
168,211,243,blue,good
37,32,40,black,perfect
35,34,38,black,perfect
79,74,159,purple,good
55,99,34,green,perfect
127,127,118,grey,perfect
132,155,126,green,good
198,156,198,purple,good
165,166,191,grey,poor
118,134,243,blue,perfect
167,97,108,pink,poor
47,108,73,green,good
2,2,3,black,perfect
130,129,206,red,poor
13,110,242,blue,poor
51,15,24,black,perfect
216,119,182,purple,good
149,144,150,grey,perfect
220,145,26,brown,good
85,247,252,blue,poor
92,155,239,blue,good
37,45,43,black,perfect
88,24,44,brown,good
11,235,209,green,poor
10,213,27,green,good
223,202,230,purple,poor
227,41,89,red,good
60,52,35,black,perfect
128,241,53,green,poor
125,67,17,brown,perfect
252,250,245,pink,poor
156,177,171,grey,perfect
37,124,60,green,perfect
136,245,212,blue,poor
93,104,155,green,poor
219,214,212,grey,perfect
2,10,18,black,perfect
14,38,8,green,poor
156,194,41,green,good
207,86,248,purple,good
226,161,81,orange,good
24,133,35,green,perfect
55,52,59,black,good
107,122,163,blue,poor
174,207,135,green,good
218,206,220,grey,poor
196,255,133,green,perfect
51,134,191,blue,perfect
72,52,106,purple,perfect
230,142,164,pink,good
43,33,85,purple,perfect
246,248,242,white,poor
160,164,167,grey,perfect
116,168,242,blue,perfect
149,170,43,green,perfect
178,216,240,blue,perfect
231,232,231,grey,perfect
55,48,51,black,perfect
123,118,212,red,poor
173,87,243,purple,good
194,177,30,red,poor
149,221,38,green,good
94,99,151,blue,poor
88,87,84,black,good
157,128,134,brown,poor
51,55,51,black,perfect
12,3,40,black,perfect
174,224,125,green,good
230,194,197,pink,good
243,159,57,orange,perfect
11,8,8,black,perfect
211,163,199,pink,perfect
25,6,15,black,perfect
4,6,1,black,perfect
46,48,22,black,perfect
36,36,36,black,perfect
194,194,194,grey,perfect
128,131,97,green,poor
59,251,114,green,perfect
240,159,70,orange,perfect
133,150,148,grey,good
139,9,253,purple,perfect
18,16,17,black,perfect
248,193,250,pink,perfect
60,90,102,blue,poor
245,47,252,pink,good
40,61,195,blue,perfect
3,3,2,black,perfect
116,10,8,red,poor
15,103,228,blue,perfect
85,223,209,blue,good
228,167,249,purple,perfect
246,255,236,green,poor
173,255,90,green,perfect
207,47,103,purple,perfect
169,52,55,red,good
192,101,238,purple,good
76,190,172,blue,good
6,4,0,black,perfect
63,52,105,blue,good
12,23,32,black,perfect
189,178,176,grey,perfect
77,101,6,green,good
167,126,112,brown,good
77,220,6,green,perfect
67,3,176,purple,poor
133,129,244,purple,poor
27,31,59,black,perfect
117,118,118,grey,perfect
31,79,38,green,good
31,66,27,green,poor
46,243,117,green,perfect
193,249,229,green,poor
252,215,201,pink,good
220,148,243,purple,perfect
255,232,144,yellow,perfect
155,29,250,purple,perfect
187,154,211,purple,perfect
39,51,4,green,good
185,132,168,pink,good
47,241,188,blue,good
79,105,129,blue,good
137,61,25,brown,perfect
4,3,4,black,perfect
112,20,186,purple,perfect
248,63,137,pink,good
254,243,240,pink,poor
14,11,19,black,good
124,141,84,green,good
255,98,104,red,poor
169,47,176,purple,good
156,200,195,blue,poor
149,189,152,green,good
84,140,132,green,poor
119,233,50,green,perfect
47,49,48,white,good
50,154,52,green,perfect
161,138,92,brown,poor
251,105,17,orange,perfect
4,46,206,blue,perfect
150,18,207,purple,perfect
252,65,221,pink,perfect
235,142,123,pink,poor
13,4,238,blue,perfect
208,255,38,green,good
25,166,19,green,perfect
192,241,147,green,good
127,71,99,purple,good
255,27,42,red,perfect
25,4,12,white,perfect
192,245,217,green,poor
87,221,247,blue,good
128,120,220,blue,poor
152,165,138,green,poor
128,255,20,green,good
68,104,255,blue,perfect
223,239,249,blue,good
206,117,189,pink,poor
67,124,124,green,poor
183,104,103,brown,poor
154,254,198,green,poor
147,150,105,green,poor
101,255,61,green,good
160,88,84,red,good
52,43,237,blue,perfect
26,29,177,blue,perfect
129,157,154,grey,poor
30,17,55,black,perfect
233,95,35,orange,perfect
254,25,200,pink,good
213,238,243,blue,good
0,0,0,black,perfect
182,147,238,purple,good
15,4,10,black,perfect
187,128,226,purple,good
112,152,90,green,good
64,61,82,grey,good
26,24,26,black,perfect
26,32,18,black,perfect
49,49,160,blue,good
238,237,240,grey,poor
184,159,178,pink,poor
24,43,34,black,perfect
19,16,33,black,perfect
127,62,63,red,good
79,97,94,green,poor
208,171,227,pink,good
0,0,0,black,perfect
169,206,231,blue,good
250,17,32,red,perfect
150,189,162,green,poor
131,126,120,grey,poor
128,105,26,brown,poor
229,203,199,pink,poor
245,60,68,red,perfect
55,171,213,blue,perfect
50,56,40,black,good
240,207,217,pink,perfect
205,253,178,green,good
6,47,154,blue,perfect
110,240,191,green,poor
176,176,180,grey,perfect
0,229,176,blue,poor
95,92,238,purple,good
129,36,98,blue,perfect
53,55,54,purple,poor
48,84,161,blue,good
247,243,186,yellow,poor
106,10,160,blue,poor
30,148,253,blue,perfect
221,42,91,red,good
166,137,119,grey,poor
15,119,84,green,good
113,221,4,green,perfect
22,24,23,black,perfect
203,220,190,green,poor
181,139,139,red,poor
197,223,222,blue,poor
25,202,15,green,good
135,79,119,purple,good
56,77,112,red,poor
18,200,15,green,perfect
247,182,51,orange,good
116,122,128,grey,good
5,4,40,black,perfect
255,204,183,brown,poor
112,156,102,green,good
116,79,247,purple,good
223,232,223,grey,poor
132,87,44,brown,good
197,203,118,green,poor
227,226,226,grey,perfect
143,28,207,purple,good
141,143,255,blue,good
124,49,196,purple,good
179,206,186,red,poor
5,255,67,green,perfect
46,116,92,green,poor
125,217,117,green,good
178,209,22,green,good
64,148,4,green,perfect
85,92,104,grey,poor
126,90,201,purple,perfect
191,155,26,brown,perfect
230,126,9,orange,perfect
12,58,216,blue,perfect
90,33,147,purple,perfect
175,195,168,grey,poor
200,203,199,grey,good
67,58,123,blue,good
138,220,236,blue,good
214,98,51,orange,good
17,136,36,green,perfect
162,183,118,green,poor
133,139,141,grey,perfect
222,254,196,green,poor
35,43,52,black,perfect
53,53,53,black,perfect
0,90,30,green,perfect
133,247,103,green,perfect
202,212,200,grey,perfect
104,218,248,blue,perfect
43,57,56,green,perfect
165,174,171,grey,perfect
52,255,189,blue,perfect
225,136,255,purple,perfect
68,181,40,green,perfect
45,91,147,blue,perfect
152,248,201,blue,good
63,43,75,purple,perfect
3,94,10,green,good
6,16,30,black,perfect
24,54,189,blue,good
76,74,225,purple,good
190,154,152,red,good
177,183,161,grey,perfect
226,230,229,red,good
82,61,15,red,perfect
130,255,138,green,perfect
131,128,131,grey,good
243,249,247,white,perfect
177,12,231,purple,good
255,236,226,pink,good
93,90,92,grey,good
145,127,143,purple,poor
137,116,78,brown,perfect
5,7,2,black,perfect
166,161,148,grey,perfect
225,201,226,pink,good
55,60,55,black,perfect
21,72,22,green,perfect
163,162,169,black,perfect
73,254,126,green,perfect
244,61,46,red,perfect
58,3,53,purple,perfect
182,191,188,grey,perfect
68,114,150,blue,perfect
243,104,225,pink,perfect
254,226,148,orange,good
4,19,22,black,perfect
188,220,104,green,good
183,186,181,grey,perfect
38,43,47,black,perfect
2,76,132,blue,good
84,203,146,green,good
187,179,202,purple,good
241,251,247,white,good
78,251,24,green,perfect
76,148,36,green,perfect
94,61,253,blue,poor
191,129,193,purple,perfect
66,59,55,black,perfect
154,157,140,grey,poor
24,53,21,green,poor
27,8,8,black,perfect
49,70,43,green,poor
188,198,188,grey,good
17,51,0,green,poor
241,239,249,grey,good
226,222,252,purple,good
39,51,42,green,poor
145,123,189,purple,good
134,88,148,purple,perfect
47,147,222,blue,perfect
148,235,91,green,perfect
8,8,9,black,perfect
30,89,15,green,good
95,100,95,grey,good
232,235,255,blue,poor
179,57,252,purple,perfect
85,159,169,blue,poor
253,251,254,white,perfect
177,130,34,brown,perfect
0,7,5,black,perfect
199,215,176,green,poor
85,250,113,green,good
218,255,254,blue,good
158,174,180,grey,good
241,76,131,pink,good
178,178,173,grey,good
196,188,191,grey,good
162,202,71,green,good
101,66,58,brown,perfect
15,12,13,black,perfect
14,14,18,red,perfect
9,9,12,red,perfect
94,149,132,green,poor
254,0,166,pink,good
25,51,86,blue,good
71,243,249,blue,poor
255,153,42,orange,perfect
120,95,96,brown,good
108,117,124,grey,perfect
104,17,28,brown,poor
1,33,31,black,perfect
233,255,230,green,poor
121,15,165,purple,good
181,177,87,brown,poor
218,138,103,orange,poor
33,33,33,black,perfect
21,21,89,red,poor
33,32,22,black,perfect
167,43,129,pink,good
244,95,65,orange,perfect
233,213,190,brown,poor
153,54,246,purple,perfect
12,86,133,blue,good
13,253,167,green,good
117,125,111,grey,poor
65,68,72,black,good
144,241,172,green,good
42,41,35,black,perfect
32,64,93,blue,good
96,94,150,purple,good
13,13,7,black,perfect
106,65,255,purple,perfect
175,205,220,blue,good
35,154,109,green,good
174,249,200,green,good
174,236,149,red,poor
188,178,205,purple,good
188,127,82,brown,poor
162,91,208,purple,perfect
71,246,193,green,good
98,89,33,brown,good
254,148,236,pink,perfect
158,107,118,pink,poor
249,192,200,pink,good
117,120,116,grey,perfect
235,88,93,red,perfect
13,67,38,green,good
40,19,69,purple,good
81,124,140,grey,poor
23,28,1,black,perfect
168,42,250,purple,perfect
95,166,63,green,perfect
2,2,2,black,perfect
77,132,162,blue,poor
98,147,120,green,poor
230,250,200,green,poor
238,116,58,orange,good
0,0,0,black,perfect
252,247,170,yellow,poor
205,192,202,purple,poor
249,204,200,pink,good
64,102,100,green,poor
82,83,84,grey,good
2,17,44,red,poor
26,105,39,red,good
62,53,63,red,perfect
77,95,79,red,poor
70,57,6,red,good
242,251,114,red,poor
207,227,137,red,poor
80,160,112,red,poor
33,240,116,red,poor
147,69,144,red,poor
227,129,58,red,poor
216,255,205,red,poor
230,238,245,red,poor
143,251,187,red,poor
45,44,46,red,good
0,5,10,red,good
2,1,2,red,good
149,155,153,red,good
110,34,100,red,good
96,19,112,red,good
0,0,0,red,good
214,220,106,red,good
90,9,137,red,perfect
133,97,149,red,perfect
0,5,0,red,perfect
142,184,161,red,perfect
134,39,192,red,perfect
65,72,121,red,perfect
54,67,99,red,perfect
210,99,202,red,perfect
52,87,243,red,perfect
242,245,239,red,perfect
85,83,82,red,perfect
49,69,28,red,perfect
192,196,241,red,perfect
89,88,88,red,perfect
17,16,21,red,perfect
36,121,124,red,perfect
103,53,60,red,perfect
192,194,181,red,perfect
134,157,2,white,poor
233,231,232,white,good
119,189,255,red,poor
16,21,49,black,perfect
169,85,248,purple,good
164,124,153,purple,poor
142,231,255,blue,good
46,251,160,green,good
10,114,110,green,poor
36,36,36,black,perfect
74,103,80,green,poor
64,124,112,green,poor
82,139,99,green,poor
159,212,116,green,poor
69,64,48,brown,good
147,101,225,purple,poor
213,87,24,orange,good
249,223,220,pink,poor
154,148,89,green,poor
7,10,4,black,perfect
44,245,90,green,good
206,176,244,purple,good
246,253,255,white,perfect
34,224,202,blue,good
254,143,218,pink,good
219,158,225,pink,good
234,61,130,pink,poor
89,90,90,grey,good
125,76,246,purple,good
253,57,194,pink,good
95,94,216,purple,poor
49,51,50,grey,good
66,60,81,purple,poor
60,32,77,purple,poor
80,57,111,purple,poor
68,4,40,red,poor
28,26,21,black,perfect
72,226,223,blue,good
196,238,152,green,perfect
178,0,137,pink,poor
213,211,222,grey,perfect
254,58,194,pink,perfect
38,48,53,black,perfect
44,24,89,purple,perfect
176,150,83,brown,poor
25,150,198,blue,perfect
63,37,53,black,good
255,254,202,yellow,poor
130,206,68,green,perfect
16,10,57,purple,poor
63,27,37,black,perfect
94,194,239,blue,perfect
158,160,98,brown,poor
79,78,32,brown,good
82,164,187,blue,good
233,28,1,red,perfect
145,57,133,purple,perfect
124,71,14,brown,good
7,22,159,purple,good
245,249,245,white,good
51,57,114,purple,good
220,145,111,orange,good
131,129,124,grey,perfect
100,201,82,green,perfect
84,252,52,green,perfect
26,128,39,green,perfect
47,8,129,purple,perfect
5,10,0,black,perfect
202,237,239,blue,good
184,163,226,purple,good
27,73,61,black,good
108,190,30,black,perfect
151,183,243,blue,perfect
209,144,104,orange,good
1,11,129,purple,perfect
184,242,61,green,good
254,163,238,pink,perfect
47,13,4,black,perfect
18,100,219,blue,perfect
104,252,138,green,good
23,15,22,black,perfect
60,180,209,blue,good
10,24,13,black,perfect
224,255,237,green,poor
138,177,156,green,poor
78,109,220,blue,perfect
220,189,255,purple,perfect
187,189,182,grey,perfect
31,61,9,green,poor
5,146,119,green,good
212,243,213,green,good
1,5,3,black,perfect
254,253,20,yellow,perfect
73,71,74,black,poor
166,222,166,green,good
36,34,18,black,perfect
140,147,142,grey,perfect
39,37,40,black,good
42,158,247,blue,perfect
46,133,31,green,good
102,242,84,green,good
112,125,102,grey,good
215,204,220,purple,poor
167,125,181,purple,good
179,128,85,orange,good
99,203,11,green,good
205,204,191,grey,perfect
241,39,27,red,perfect
60,154,163,blue,good
141,191,43,green,good
95,138,117,green,poor
51,108,49,green,good
34,5,0,black,good
4,6,9,black,good
110,125,123,grey,good
27,187,221,blue,good
120,45,89,purple,good
5,19,43,black,perfect
46,20,6,black,perfect
10,95,47,white,poor
174,155,250,purple,good
206,234,230,green,good
203,27,38,red,perfect
117,196,136,green,perfect
63,90,99,blue,good
213,189,200,pink,good
253,2,29,red,perfect
70,160,144,green,good
196,187,182,brown,poor
74,194,43,green,perfect
53,126,255,blue,perfect
98,175,245,blue,good
153,217,222,blue,poor
32,17,48,black,perfect
211,137,222,pink,perfect
242,241,22,yellow,perfect
114,117,115,grey,perfect
60,130,241,blue,perfect
91,0,25,brown,perfect
77,253,126,green,good
206,78,147,pink,good
67,82,123,blue,poor
75,214,191,green,poor
160,152,252,purple,poor
194,252,164,green,poor
163,59,86,red,poor
30,176,45,green,perfect
231,254,186,yellow,poor
138,247,156,green,poor
26,25,46,black,perfect
73,34,61,brown,poor
239,247,173,yellow,poor
24,32,21,black,perfect
254,206,198,pink,poor
127,115,176,purple,good
80,88,62,green,poor
31,94,96,green,poor
69,53,162,purple,perfect
16,23,20,black,perfect
71,30,147,purple,poor
25,25,25,black,good
178,119,201,purple,poor
90,91,91,grey,good
64,111,215,blue,perfect
29,192,252,blue,poor
155,166,121,green,poor
137,128,141,grey,poor
140,133,232,purple,good
1,253,218,green,poor
118,35,40,brown,poor
212,198,221,purple,poor
113,128,129,grey,poor
99,46,59,brown,good
52,51,55,black,good
178,239,203,green,poor
185,60,224,purple,poor
37,34,26,grey,good
153,246,240,blue,poor
132,200,207,blue,poor
117,130,116,blue,poor
135,101,108,brown,good
243,253,154,orange,good
115,115,116,grey,good
218,216,185,yellow,poor
35,26,30,black,perfect
166,29,254,purple,good
255,236,160,orange,poor
22,14,5,black,perfect
231,115,94,red,good
250,203,213,pink,good
8,20,30,black,perfect
238,243,226,white,good
0,0,0,black,perfect
211,150,247,purple,poor
99,119,146,blue,good
21,46,7,black,poor
197,42,42,red,perfect
59,76,54,green,poor
75,237,107,green,good
211,88,62,orange,poor
97,193,171,green,poor
249,116,168,pink,perfect
15,5,15,black,good
9,9,8,black,perfect
44,127,82,green,poor
32,192,26,green,perfect
184,181,149,yellow,poor
218,225,215,grey,good
191,192,183,grey,poor
6,0,7,black,good
122,2,253,purple,poor
214,254,241,blue,poor
36,90,13,green,poor
107,169,114,green,poor
118,14,132,purple,poor
27,33,255,blue,perfect
26,20,21,black,good
141,39,4,brown,good
232,230,218,white,poor
73,3,128,purple,good
241,231,139,yellow,good
4,189,252,blue,good
69,98,88,grey,good
43,48,38,black,good
120,93,102,brown,poor
255,242,241,pink,poor
191,91,118,red,poor
214,101,169,pink,good
240,234,242,grey,poor
16,12,195,blue,good
44,245,59,green,good
90,221,144,green,good
30,29,128,blue,good
84,95,46,green,good
119,3,136,purple,good
84,2,49,brown,good
79,80,173,green,good
41,41,56,black,good
214,142,104,orange,poor
156,110,201,purple,good
6,29,18,black,good
173,254,202,green,poor
99,93,97,grey,poor
110,254,250,blue,poor
72,142,77,green,good
99,96,91,grey,poor
247,255,204,yellow,poor
165,176,157,green,poor
69,103,227,blue,good
4,11,10,black,perfect
5,96,108,blue,poor
55,134,0,green,good
171,196,176,green,poor
156,199,155,green,good
208,181,200,pink,poor
70,48,228,blue,perfect
76,56,95,red,poor
76,56,95,red,poor
255,10,171,pink,perfect
82,92,92,green,poor
71,50,70,brown,poor
255,217,233,pink,good
53,194,213,green,poor
235,209,120,yellow,good
254,127,134,red,good
28,16,20,black,perfect
31,209,154,green,perfect
114,86,35,brown,good
223,178,201,pink,perfect
177,253,140,green,good
236,216,185,yellow,poor
218,201,135,yellow,poor
88,69,157,purple,good
192,164,112,brown,good
143,67,2,brown,perfect
10,10,8,black,perfect
192,23,39,red,good
212,125,16,orange,good
3,6,14,black,perfect
30,48,55,grey,good
215,214,219,red,poor
167,236,168,red,poor
227,157,51,orange,perfect
103,6,182,purple,poor
45,29,42,brown,poor
241,212,255,pink,good
111,183,38,green,perfect
246,217,98,yellow,perfect
68,52,23,brown,good
39,18,47,purple,good
25,52,19,green,good
209,155,98,yellow,poor
140,17,26,red,perfect
243,243,247,white,perfect
191,72,172,purple,perfect
102,68,47,brown,perfect
134,99,21,yellow,poor
173,182,77,green,poor
18,13,23,black,perfect
47,127,27,green,perfect
220,6,222,purple,poor
52,158,255,blue,perfect
144,94,73,brown,good
164,217,211,green,good
127,255,103,green,good
243,245,241,white,perfect
231,217,244,pink,poor
19,73,255,red,poor
85,9,102,purple,good
218,195,227,red,poor
217,108,41,orange,good
133,138,143,red,poor
251,195,232,pink,perfect
62,54,62,black,good
39,38,46,black,perfect
205,253,152,blue,perfect
234,72,124,pink,perfect
81,202,59,green,perfect
194,192,212,blue,poor
104,67,32,black,poor
226,203,147,white,good
44,32,65,red,perfect
157,173,109,blue,good
143,80,252,black,poor
201,165,178,red,perfect
233,215,219,pink,good
99,194,166,green,good
29,38,25,black,perfect
6,7,27,black,perfect
201,183,170,brown,poor
95,96,94,grey,good
205,225,205,green,poor
155,255,151,green,good
47,36,44,black,perfect
239,167,166,pink,good
232,247,216,green,poor
82,28,153,purple,perfect
149,48,74,red,poor
149,76,63,brown,poor
86,163,225,blue,perfect
13,23,21,black,perfect
8,79,41,green,good
164,183,227,blue,good
208,123,151,pink,good
164,228,196,green,perfect
202,160,5,orange,good
92,5,56,red,poor
242,83,138,pink,perfect
222,56,187,pink,good
204,225,234,blue,poor
26,99,124,red,poor
58,1,211,red,poor
192,190,196,red,poor
180,250,70,red,poor
117,109,22,red,poor
110,106,87,red,good
123,41,253,red,good
141,190,70,red,perfect
96,125,147,red,poor
254,220,31,yellow,perfect
191,191,186,grey,perfect
223,93,173,pink,good
255,202,193,pink,perfect
230,235,239,blue,good
243,255,249,green,good
64,78,90,blue,good
129,1,173,purple,perfect
199,147,193,purple,good
36,71,58,green,good
15,133,214,blue,perfect
216,221,220,grey,perfect
175,17,84,pink,good
45,39,141,blue,perfect
187,142,63,orange,poor
232,252,86,yellow,perfect
89,64,11,brown,perfect
253,188,249,pink,good
6,239,136,green,perfect
5,170,101,green,perfect
101,122,82,green,good
208,251,138,green,good
183,182,115,brown,poor
240,193,247,pink,good
175,81,67,red,poor
249,228,249,pink,good
156,18,103,red,poor
32,95,203,blue,perfect
58,53,35,white,poor
131,147,167,red,poor
54,61,18,green,poor
5,10,7,black,perfect
101,147,176,blue,good
249,179,73,orange,good
94,117,125,grey,poor
16,52,53,blue,poor
187,255,238,blue,good
160,161,86,green,poor
26,30,59,blue,good
204,218,215,blue,good
216,14,1,red,perfect
67,48,36,brown,perfect
251,101,118,red,good
219,195,191,pink,good
255,202,10,yellow,good
245,172,215,pink,perfect
199,57,94,pink,good
79,56,19,brown,perfect
67,113,133,red,poor
213,131,5,orange,good
127,246,77,green,good
2,15,12,black,perfect
65,80,59,green,poor
108,67,63,brown,good
69,81,54,green,poor
195,149,175,pink,poor
18,17,79,blue,good
226,22,250,purple,poor
232,136,59,orange,good
227,227,227,grey,good
30,14,97,blue,good
179,154,158,brown,poor
114,72,215,purple,good
240,176,254,pink,good
125,255,3,green,good
2,28,113,blue,good
43,176,40,green,good
98,109,110,grey,good
121,215,57,green,good
177,229,239,blue,good
53,142,120,blue,poor
62,49,46,brown,good
202,66,210,pink,good
233,153,166,pink,good
220,86,225,pink,good
5,49,37,green,good
177,232,195,green,good
106,10,180,purple,good
190,184,203,grey,good
210,209,209,grey,good
105,104,104,grey,good
9,18,75,purple,good
160,178,211,blue,good
28,219,240,blue,good
29,50,44,green,good
224,252,227,green,good
188,218,209,green,good
27,60,4,green,good
146,222,210,blue,good
83,5,33,red,good
47,62,50,green,good
16,12,17,black,good
26,123,95,green,good
6,1,11,black,good
15,92,90,green,good
253,121,218,pink,good
81,228,0,green,good
173,191,119,yellow,good
79,96,98,grey,good
109,79,126,purple,good
42,43,242,blue,good
14,17,5,black,good
182,242,93,green,good
15,46,33,green,good
132,155,121,green,good
31,69,122,blue,good
24,22,21,black,good
97,52,98,purple,good
81,40,13,brown,good
82,89,27,green,good
179,51,117,pink,good
99,240,222,blue,good
1,25,26,grey,good
0,99,236,grey,good
167,159,209,grey,good
56,55,58,grey,good
39,52,23,grey,good
44,44,30,grey,good
67,21,18,grey,good
66,60,73,grey,good
218,229,249,grey,good
105,208,200,grey,good
184,45,41,grey,good
255,118,127,grey,good
185,168,176,grey,good
69,79,125,grey,good
213,199,207,grey,good
177,208,234,grey,good
198,26,1,grey,good
221,226,182,grey,good
200,188,178,grey,good
122,207,121,grey,good
47,81,40,grey,good
199,234,255,grey,good
5,2,3,black,perfect
140,142,123,grey,perfect
55,50,20,black,perfect
238,185,166,pink,perfect
164,246,117,green,good
103,86,102,purple,perfect
175,175,175,grey,perfect
220,67,184,pink,good
156,43,61,red,good
245,169,202,red,good
53,123,20,green,perfect
97,8,61,purple,good
21,137,53,green,perfect
152,168,183,grey,perfect
107,14,193,purple,perfect
143,110,124,pink,poor
29,22,31,black,perfect
115,111,121,grey,perfect
36,52,32,green,poor
26,81,98,blue,good
212,96,113,pink,good
249,254,244,white,perfect
253,164,16,orange,good
184,42,179,purple,good
196,184,195,grey,perfect
251,84,147,pink,good
253,151,219,pink,good
137,24,242,purple,good
1,1,0,black,perfect
52,61,84,grey,poor
17,32,30,black,perfect
229,123,255,pink,good
24,17,73,blue,good
196,106,204,pink,poor
77,46,202,purple,poor
241,165,165,pink,good
172,212,155,green,poor
24,50,63,black,good
207,194,247,purple,good
44,39,37,black,perfect
197,224,216,blue,poor
30,114,53,green,good
252,207,113,orange,good
136,194,222,blue,good
88,110,149,blue,good
90,78,126,purple,good
101,68,45,brown,perfect
39,123,113,blue,good
32,80,130,blue,good
161,61,150,purple,good
92,3,186,purple,good
6,9,6,black,perfect
71,116,35,green,good
61,128,71,green,good
214,224,221,grey,poor
135,58,163,purple,perfect
215,64,174,purple,poor
157,206,161,green,poor
34,16,198,blue,perfect
255,66,219,purple,poor
32,24,33,black,perfect
67,122,114,green,poor
185,194,202,grey,good
204,221,207,grey,poor
209,249,209,green,poor
210,187,139,pink,poor
178,200,31,green,poor
194,232,214,grey,poor
27,182,247,blue,good
105,107,107,grey,good
26,108,116,blue,poor
60,18,66,purple,good
96,72,252,purple,poor
67,95,77,green,poor
254,205,23,red,poor
91,79,101,purple,good
49,48,33,black,good
246,90,248,pink,good
230,195,101,yellow,good
137,92,104,red,poor
124,195,97,green,good
232,117,127,red,good
70,42,53,brown,poor
187,41,233,purple,perfect
234,152,237,pink,good
43,81,55,green,poor
244,25,166,pink,perfect
159,151,148,grey,perfect
244,89,198,pink,good
254,4,234,pink,good
174,211,48,green,poor
12,2,30,black,perfect
56,60,253,blue,perfect
17,28,20,black,perfect
64,74,168,blue,good
182,233,243,blue,good
241,254,221,white,poor
199,10,243,purple,good
23,21,5,black,perfect
75,115,80,green,good
20,184,109,green,good
88,121,167,blue,good
165,142,255,purple,good
174,183,117,yellow,poor
246,246,247,grey,good
201,212,255,grey,perfect
25,208,255,blue,good
6,183,182,blue,poor
219,245,233,green,good
232,232,225,grey,perfect
128,4,40,brown,perfect
85,60,57,black,perfect
70,12,7,black,perfect
67,23,29,black,perfect
255,220,225,pink,perfect
21,3,0,black,perfect
132,112,199,purple,perfect
100,2,21,brown,perfect
0,0,0,black,perfect
22,6,1,black,perfect
50,171,164,blue,poor
65,67,20,black,good
25,121,92,green,poor
231,185,243,purple,good
115,186,254,blue,good
72,108,214,blue,perfect
126,102,15,brown,perfect
79,71,213,blue,perfect
113,124,124,grey,perfect
178,133,238,purple,perfect
232,151,158,red,good
103,77,92,red,poor
157,86,47,brown,good
88,177,125,green,good
242,205,205,pink,good
200,143,60,orange,good
172,182,108,green,good
60,121,7,yellow,good
116,33,73,purple,good
21,41,237,blue,perfect
20,56,54,blue,poor
246,247,255,white,good
47,83,47,green,perfect
159,203,196,blue,good
61,25,21,brown,perfect
251,43,63,red,perfect
121,115,129,grey,perfect
110,144,151,blue,good
144,205,126,green,perfect
121,98,254,purple,perfect
254,87,65,orange,good
229,255,243,blue,good
160,221,198,green,good
30,113,153,blue,perfect
255,228,51,yellow,perfect
54,24,114,purple,perfect
139,184,210,blue,perfect
108,90,243,purple,perfect
63,45,54,brown,perfect
84,86,85,grey,perfect
248,255,246,white,good
175,177,164,grey,perfect
107,157,161,blue,good
231,232,146,yellow,good
123,100,55,brown,perfect
250,246,73,yellow,perfect
38,27,37,black,perfect
92,45,11,brown,perfect
13,53,27,green,good
184,208,100,green,poor
52,11,89,purple,good
78,78,36,brown,poor
249,46,1,red,perfect
170,168,175,grey,perfect
62,47,219,blue,perfect
125,209,147,green,good
2,3,4,black,perfect
3,2,3,black,perfect
254,179,174,pink,perfect
192,77,70,pink,good
246,177,52,orange,perfect
248,154,154,pink,perfect
155,168,131,red,poor
234,218,239,purple,poor
221,255,153,green,poor
88,86,172,blue,poor
250,253,254,white,perfect
159,155,157,grey,perfect
157,179,107,green,perfect
96,93,104,grey,good
182,107,247,purple,perfect
81,59,117,purple,perfect
24,125,221,blue,perfect
247,140,148,red,good
7,18,8,black,perfect
114,255,177,green,good
89,90,90,green,poor
103,42,136,yellow,poor
148,84,145,yellow,poor
145,166,157,yellow,poor
93,111,245,yellow,poor
65,239,103,black,good
185,249,114,purple,perfect
26,27,27,blue,good
5,6,5,green,poor
119,249,61,blue,good
87,123,133,blue,perfect
1,1,3,black,perfect
63,208,243,blue,perfect
247,169,188,pink,perfect
73,84,214,blue,good
28,11,86,purple,good
222,7,145,pink,poor
6,53,249,blue,perfect
96,2,140,purple,perfect
235,96,174,pink,good
49,78,191,blue,poor
40,15,79,purple,poor
100,53,21,brown,good
42,62,75,blue,poor
180,235,202,green,poor
22,157,68,green,perfect
251,198,181,pink,poor
37,45,47,black,poor
160,131,255,purple,good
245,255,247,blue,poor
7,5,3,black,perfect
142,142,125,brown,poor
122,136,186,blue,good
28,3,9,black,perfect
100,68,121,purple,good
192,206,193,green,poor
247,56,224,pink,perfect
194,179,93,yellow,good
120,254,191,green,poor
87,99,86,green,poor
179,240,149,green,good
48,73,87,blue,good
19,24,19,black,perfect
206,1,11,red,perfect
111,78,125,purple,good
165,160,157,grey,good
90,82,76,brown,good
78,232,55,green,good
177,246,124,green,good
195,254,94,red,poor
6,161,190,blue,good
192,34,79,red,good
19,12,37,black,perfect
144,52,225,purple,perfect
219,244,14,yellow,good
224,221,244,grey,perfect
229,171,56,orange,good
225,241,8,yellow,good
191,202,226,grey,perfect
197,200,255,purple,good
67,43,74,purple,good
140,234,240,blue,perfect
244,245,254,grey,good
238,248,248,green,poor
133,248,92,green,perfect
61,87,114,blue,perfect
180,162,124,brown,poor
211,215,192,grey,good
179,95,13,orange,good
155,88,219,purple,perfect
182,188,168,grey,good
122,104,48,yellow,poor
0,82,134,blue,perfect
162,139,248,purple,good
213,113,248,pink,good
223,190,195,pink,good
243,244,240,white,good
72,117,8,green,perfect
140,255,179,green,good
11,21,2,black,perfect
113,241,183,green,good
213,135,163,purple,poor
245,175,255,pink,good
41,249,113,green,perfect
76,253,46,green,perfect
184,181,127,yellow,poor
236,141,209,pink,good
22,21,21,black,perfect
234,114,33,orange,perfect
145,40,50,red,good
173,193,212,blue,good
100,91,95,grey,perfect
152,161,255,blue,perfect
185,153,157,pink,good
71,5,170,purple,good
74,34,51,brown,good
116,2,119,purple,good
248,247,251,white,perfect
145,164,165,grey,good
87,141,173,blue,perfect
246,243,250,white,perfect
211,200,159,yellow,poor
132,135,139,grey,perfect
13,41,39,black,good
83,178,72,green,perfect
170,160,245,blue,good
47,45,16,black,poor
255,145,4,orange,perfect
30,118,101,green,good
33,91,104,blue,good
22,114,163,blue,perfect
251,94,190,pink,good
9,4,6,black,perfect
160,226,196,green,good
38,55,53,black,good
38,6,48,purple,good
183,19,25,red,good
246,110,21,orange,perfect
86,101,20,green,good
230,105,234,pink,good
85,113,18,green,good
34,128,255,blue,good
73,85,211,blue,good
121,233,193,green,good
255,255,255,white,perfect
40,187,243,blue,good
89,66,54,brown,good
58,5,52,purple,good
254,222,171,yellow,poor
231,170,255,purple,perfect
97,36,69,purple,good
180,167,254,purple,good
46,17,15,black,perfect
34,14,81,purple,good
192,247,74,green,perfect
185,186,201,grey,perfect
33,206,194,green,good
94,204,84,green,perfect
242,252,255,red,perfect
224,62,123,orange,perfect
224,62,123,orange,perfect
182,216,136,orange,poor
91,228,210,green,poor
122,255,207,white,poor
233,143,255,white,poor
0,3,0,white,poor
38,5,5,white,poor
162,86,89,white,poor
82,106,243,white,poor
36,11,27,black,perfect
110,61,74,purple,good
136,53,7,orange,good
208,247,204,green,good
82,227,189,blue,good
36,122,59,green,perfect
25,13,29,black,perfect
220,214,225,purple,good
81,94,135,blue,poor
173,46,122,pink,good
37,165,38,green,perfect
248,146,25,orange,perfect
7,255,254,blue,good
195,255,240,blue,good
218,76,210,purple,perfect
38,38,42,black,perfect
218,247,243,blue,poor
29,31,12,black,perfect
205,255,166,green,good
141,68,185,purple,perfect
55,99,32,green,perfect
7,37,5,black,perfect
48,57,85,blue,poor
161,173,181,grey,perfect
65,114,162,blue,perfect
102,178,31,green,perfect
185,180,94,brown,poor
252,158,198,pink,perfect
186,52,58,red,good
10,9,8,black,perfect
132,113,217,purple,perfect
255,230,201,yellow,poor
203,211,201,grey,perfect
212,34,248,pink,good
253,248,219,yellow,poor
206,181,235,purple,good
181,216,6,green,perfect
143,70,181,purple,perfect
59,244,255,blue,good
139,33,161,purple,perfect
166,170,170,grey,perfect
226,115,59,orange,perfect
162,255,255,blue,good
249,212,233,red,good
149,149,178,grey,perfect
156,52,145,purple,perfect
234,174,136,orange,poor
252,106,178,red,poor
1,76,44,green,good
58,60,69,black,perfect
11,11,11,black,perfect
209,125,177,red,poor
249,58,195,red,poor
24,215,219,blue,poor
127,138,92,green,good
116,110,109,black,good
31,126,253,blue,perfect
54,23,66,black,perfect
217,253,175,green,good
220,64,223,purple,perfect
118,51,119,purple,perfect
243,201,140,brown,poor
5,10,7,black,perfect
10,83,75,green,poor
136,27,66,brown,good
77,153,222,blue,perfect
138,141,200,blue,poor
129,23,143,purple,perfect
97,97,98,grey,good
234,222,35,yellow,perfect
197,232,155,green,good
157,190,209,blue,good
224,170,152,red,good
233,88,111,red,perfect
9,45,32,black,perfect
219,104,8,orange,perfect
235,146,43,orange,perfect
49,70,58,black,perfect
144,198,145,green,good
233,237,174,yellow,poor
22,23,22,black,perfect
110,233,249,blue,perfect
124,125,124,grey,good
19,195,27,green,perfect
255,127,215,red,poor
188,238,73,green,poor
112,70,115,purple,perfect
91,41,73,purple,good
247,196,175,red,poor
143,248,234,red,poor
5,3,8,black,perfect
251,113,104,red,good
10,10,0,black,perfect
91,206,248,blue,poor
139,188,55,green,poor
174,144,252,purple,poor
200,79,11,orange,poor
55,100,57,green,poor
21,121,248,blue,good
35,147,185,blue,poor
48,119,66,green,poor
52,107,157,blue,good
168,168,165,grey,good
118,124,116,grey,poor
95,237,45,green,perfect
39,39,57,black,good
78,201,254,blue,poor
34,37,6,black,perfect
60,115,55,green,good
137,179,246,blue,poor
192,204,190,grey,poor
55,255,78,green,perfect
143,167,160,blue,poor
66,143,76,green,perfect
1,2,2,black,perfect
211,132,222,pink,perfect
110,2,109,purple,good
70,41,100,purple,poor
102,3,133,purple,good
32,75,76,green,poor
198,150,143,brown,poor
176,128,94,brown,good
92,85,22,green,good
83,79,62,brown,poor
253,245,244,white,good
125,179,243,blue,poor
40,254,86,green,good
105,223,199,blue,poor
183,200,214,blue,poor
83,80,13,green,poor
96,55,70,purple,good
21,34,21,black,perfect
139,190,255,blue,good
253,152,98,orange,perfect
38,255,45,green,good
143,128,254,purple,perfect
165,76,80,red,poor
14,29,47,black,perfect
121,192,42,green,perfect
26,43,134,red,poor
68,87,50,green,good
12,59,114,blue,perfect
184,192,230,blue,poor
36,26,31,black,perfect
43,148,204,blue,perfect
88,141,227,blue,perfect
14,239,125,green,perfect
64,248,166,green,perfect
143,187,164,yellow,poor
177,255,212,green,perfect
224,155,124,orange,poor
110,233,68,green,perfect
11,66,41,green,poor
213,220,212,grey,perfect
39,43,43,black,perfect
228,234,242,grey,good
200,3,142,pink,good
82,60,216,blue,perfect
138,117,118,grey,good
4,3,4,black,perfect
24,207,141,green,perfect
151,207,194,green,good
230,232,200,yellow,poor
6,10,2,black,perfect
176,216,204,green,good
192,238,134,green,perfect
153,97,20,brown,good
254,154,189,pink,good
253,167,150,orange,poor
74,31,45,black,good
143,58,1,brown,poor
251,255,239,red,good
90,70,80,red,poor
89,81,158,red,good
15,77,195,red,perfect
129,129,131,orange,perfect
178,110,98,orange,good
24,33,40,red,good
170,212,28,red,poor
179,244,169,green,good
199,228,199,green,poor
193,21,232,purple,perfect
219,146,158,pink,poor
168,123,119,brown,poor
215,196,213,pink,poor
167,136,154,grey,poor
255,234,235,white,poor
194,255,117,green,good
254,250,143,yellow,poor
228,213,219,grey,poor
74,120,8,green,perfect
97,181,72,green,perfect
196,240,171,green,good
81,137,105,green,perfect
170,217,209,blue,good
164,112,158,purple,perfect
162,180,181,red,poor
213,234,211,green,poor
124,251,20,green,perfect
215,252,216,green,poor
153,196,172,green,poor
210,219,216,grey,good
72,65,66,black,perfect
216,50,38,red,perfect
21,26,2,black,perfect
46,26,138,blue,good
189,173,220,purple,poor
156,5,17,red,poor
215,186,122,brown,poor
18,148,255,blue,good
202,162,241,purple,good
65,170,193,blue,poor
133,194,246,blue,perfect
176,191,11,yellow,poor
189,134,197,purple,poor
224,246,253,blue,poor
51,51,51,black,perfect
22,240,51,green,perfect
53,58,66,grey,perfect
163,126,152,purple,good
183,46,93,red,poor
235,243,243,grey,good
153,180,38,green,good
242,138,189,pink,perfect
203,239,159,green,perfect
191,21,121,pink,poor
53,19,73,purple,perfect
54,99,54,green,perfect
230,187,220,pink,perfect
10,11,12,black,perfect
26,234,39,green,perfect
21,40,44,black,good
119,97,208,purple,perfect
189,212,197,green,poor
120,130,131,grey,perfect
59,211,223,blue,good
37,85,254,blue,perfect
245,49,154,pink,good
172,180,160,grey,poor
48,90,43,green,good
31,63,62,black,perfect
166,155,164,grey,poor
39,34,35,black,perfect
150,143,100,brown,good
26,35,14,black,perfect
243,222,56,yellow,perfect
127,127,140,grey,perfect
45,96,28,green,perfect
178,214,222,blue,good
174,171,202,purple,good
109,138,248,blue,good
193,35,78,red,good
150,226,254,blue,good
241,152,239,pink,perfect
130,123,98,brown,poor
82,84,93,grey,good
94,58,147,purple,perfect
205,101,139,pink,good
255,184,59,yellow,good
162,254,216,green,poor
113,231,130,green,good
180,246,107,green,good
13,102,229,blue,perfect
124,114,60,green,poor
213,214,225,grey,poor
113,135,248,blue,good
229,236,254,grey,poor
55,73,70,green,poor
23,58,54,green,poor
188,119,97,red,poor
36,18,15,black,perfect
109,124,87,green,good
120,150,157,blue,poor
27,30,23,black,perfect
139,92,134,purple,good
83,80,188,green,good
91,23,28,red,good
241,94,186,pink,perfect
188,166,130,brown,poor
58,77,50,green,good
67,65,42,green,poor
124,200,97,green,perfect
44,80,64,green,perfect
92,90,76,green,poor
48,49,48,black,perfect
200,165,229,purple,poor
25,60,226,blue,perfect
253,176,238,pink,perfect
147,156,159,grey,perfect
34,11,0,black,perfect
182,210,77,green,perfect
41,93,61,green,perfect
234,210,243,pink,perfect
136,171,186,blue,poor
52,90,47,green,perfect
177,161,252,purple,poor
104,161,108,green,perfect
51,8,149,blue,good
63,137,95,green,perfect
166,58,68,red,perfect
21,19,33,black,perfect
246,187,251,pink,perfect
16,133,156,blue,poor
181,57,55,red,perfect
77,83,32,green,poor
241,249,191,yellow,poor
253,74,249,pink,perfect
220,182,50,yellow,good
205,123,245,pink,good
148,87,210,purple,perfect
177,134,249,purple,perfect
28,27,11,black,perfect
75,31,87,purple,good
61,84,131,blue,good
41,45,118,purple,poor
97,84,94,brown,poor
152,250,219,green,poor
63,38,1,brown,good
107,58,142,purple,good
10,12,12,black,perfect
150,209,122,green,perfect
31,40,25,black,perfect
199,248,226,blue,poor
179,198,142,green,good
247,243,246,white,poor
221,143,127,orange,poor
203,251,255,blue,perfect
22,6,51,black,perfect
135,32,59,red,good
11,16,114,blue,good
169,206,116,green,good
42,16,19,black,good
53,31,65,purple,poor
100,49,128,purple,perfect
141,113,132,pink,poor
136,142,134,green,poor
172,202,202,blue,poor
224,204,215,pink,perfect
167,131,173,purple,perfect
253,90,101,red,perfect
10,105,122,blue,good
95,129,165,blue,perfect
33,62,4,green,good
224,247,218,green,poor
252,141,35,orange,good
133,90,219,purple,poor
179,208,211,blue,poor
213,232,180,green,poor
221,159,129,orange,poor
75,4,89,purple,good
73,66,69,grey,poor
49,64,62,green,poor
223,234,216,green,poor
92,255,61,green,good
144,142,153,grey,perfect
51,21,13,black,perfect
249,247,67,yellow,perfect
251,108,109,red,good
46,243,243,blue,good
72,212,109,green,good
126,238,106,green,good
228,36,239,purple,good
214,215,241,grey,poor
118,99,94,grey,poor
225,210,174,brown,poor
35,231,39,green,good
12,5,5,black,perfect
86,133,64,green,perfect
39,40,41,black,perfect
92,126,80,red,poor
43,5,18,purple,good
62,92,84,green,good
217,180,198,pink,good
65,45,29,brown,perfect
134,15,103,purple,good
214,169,158,orange,poor
120,106,165,purple,poor
235,254,88,yellow,good
242,223,255,pink,good
61,76,65,green,good
78,69,104,purple,poor
140,139,9,yellow,poor
117,133,124,green,poor
234,172,39,orange,good
8,246,6,green,perfect
58,53,57,grey,good
71,224,50,green,perfect
174,206,206,blue,good
238,162,147,pink,poor
238,162,147,pink,poor
197,133,55,orange,good
246,156,236,pink,good
250,78,131,red,poor
25,29,27,black,perfect
37,65,24,green,good
255,244,253,pink,good
255,244,253,pink,good
231,84,228,pink,perfect
110,80,75,brown,perfect
127,156,252,blue,perfect
84,85,25,green,poor
86,114,71,green,good
114,24,34,red,good
208,26,139,purple,good
124,254,209,blue,poor
36,172,255,blue,perfect
232,248,77,yellow,poor
16,145,47,green,perfect
29,35,19,black,perfect
255,170,189,pink,perfect
44,22,65,purple,good
255,230,118,yellow,perfect
53,42,70,purple,good
144,90,107,red,poor
118,105,107,grey,good
83,157,55,green,good
251,216,134,yellow,good
95,150,200,blue,good
255,255,254,white,perfect
228,67,196,purple,perfect
97,76,130,purple,good
196,248,246,blue,good
213,148,152,pink,good
157,184,54,green,poor
167,216,240,blue,good
142,231,191,green,poor
246,225,255,pink,poor
118,27,19,red,poor
1,2,1,black,perfect
70,116,163,blue,good
88,83,102,purple,poor
137,186,128,green,poor
7,34,3,black,perfect
237,254,237,white,poor
0,2,2,black,perfect
236,153,244,pink,good
118,153,213,blue,good
140,241,107,green,good
124,3,144,purple,good
1,22,21,black,perfect
62,128,165,blue,good
96,96,82,grey,good
231,236,230,grey,good
255,82,140,pink,poor
10,19,0,black,perfect
130,51,6,brown,good
16,147,255,blue,perfect
121,233,255,blue,good
192,192,186,grey,perfect
96,107,104,grey,poor
66,55,62,purple,poor
66,55,62,purple,poor
17,22,19,black,perfect
231,225,219,grey,good
200,54,97,red,good
249,135,255,pink,good
160,60,252,purple,perfect
203,146,247,purple,good
207,217,151,yellow,poor
174,147,253,purple,poor
81,57,57,brown,good
14,194,55,green,perfect
71,56,129,blue,poor
150,33,255,purple,good
115,137,35,green,poor
220,49,24,red,poor
12,28,2,black,perfect
107,65,187,purple,good
81,140,126,green,poor
94,239,110,green,good
141,59,187,purple,perfect
2,100,33,green,perfect
100,12,13,brown,poor
75,103,171,blue,good
43,46,61,black,poor
190,56,83,red,good
68,84,61,green,poor
174,100,128,pink,poor
33,68,82,grey,poor
215,188,185,pink,poor
215,174,83,yellow,poor
110,105,108,grey,good
201,55,247,purple,perfect
202,177,212,purple,good
98,94,94,grey,good
148,252,26,green,good
138,66,176,purple,perfect
246,122,24,orange,perfect
129,199,4,green,good
4,39,6,black,poor
212,183,247,purple,poor
26,13,12,black,perfect
230,55,254,purple,perfect
150,12,53,red,good
65,65,65,grey,good
141,193,174,green,poor
179,238,118,green,poor
82,127,30,green,good
11,19,17,black,perfect
202,202,203,grey,perfect
238,227,133,yellow,good
234,253,228,green,poor
184,174,188,grey,poor
92,186,204,blue,good
240,128,150,red,poor
236,89,233,purple,good
9,74,180,blue,perfect
95,20,119,purple,perfect
69,56,200,blue,good
56,53,15,green,poor
157,224,82,green,good
115,244,247,blue,perfect
36,49,95,blue,good
64,221,241,blue,perfect
174,236,143,green,good
137,238,248,blue,perfect
195,176,164,grey,poor
250,252,251,white,poor
119,60,39,brown,perfect
254,226,214,orange,poor
115,117,122,grey,good
249,177,174,red,perfect
66,199,102,green,perfect
7,179,239,blue,good
124,0,2,red,good
23,239,41,green,perfect
32,14,33,black,perfect
32,21,58,black,perfect
212,248,138,yellow,poor
30,1,58,black,perfect
107,209,86,green,good
6,3,0,black,perfect
231,246,254,red,poor
236,192,141,brown,good
237,226,230,purple,good
33,7,99,purple,perfect
167,12,64,red,perfect
255,152,182,pink,perfect
209,250,224,green,good
175,83,254,purple,good
203,172,90,brown,poor
209,106,168,pink,good
153,160,127,green,good
249,226,181,yellow,poor
6,12,6,black,perfect
114,96,112,purple,poor
157,164,142,green,poor
34,201,255,blue,perfect
250,208,170,orange,poor
146,114,198,purple,good
32,38,43,black,good
178,227,244,blue,good
237,190,22,orange,perfect
236,209,245,purple,good
87,46,117,purple,perfect
100,161,250,blue,perfect
145,191,233,blue,good
129,182,168,green,good
169,111,255,purple,good
224,84,254,pink,good
170,8,247,purple,good
253,254,254,white,perfect
80,104,191,blue,perfect
19,19,12,black,perfect
1,2,0,black,perfect
235,229,234,pink,poor
240,241,246,grey,good
132,227,251,blue,good
131,91,242,purple,perfect
217,240,249,blue,poor
56,52,126,purple,good
170,239,227,green,good
238,218,179,yellow,poor
193,154,246,purple,good
243,253,242,green,poor
202,202,48,yellow,poor
255,254,202,yellow,good
109,167,47,green,perfect
12,251,44,green,perfect
255,187,73,orange,perfect
145,92,237,purple,perfect
125,86,140,purple,good
240,233,203,yellow,poor
115,88,129,purple,good
18,71,183,blue,perfect
246,236,233,pink,good
134,180,151,green,good
4,21,2,black,perfect
141,157,247,blue,good
253,33,86,red,perfect
179,225,219,blue,good
1,1,1,black,perfect
49,21,64,purple,perfect
210,111,202,pink,good
254,216,209,pink,poor
188,189,232,purple,good
85,99,4,green,poor
128,37,138,purple,perfect
103,116,178,red,poor
209,180,126,brown,good
177,188,128,green,good
90,135,221,blue,perfect
246,181,181,pink,perfect
213,205,113,yellow,poor
232,255,214,pink,good
255,63,231,pink,good
157,190,208,blue,good
206,131,36,brown,perfect
253,163,139,orange,good
11,10,15,black,perfect
19,19,34,black,perfect
241,109,41,orange,good
103,12,157,purple,perfect
19,75,139,blue,perfect
1,2,2,black,perfect
40,87,248,blue,perfect
190,142,216,purple,perfect
226,63,63,red,perfect
112,194,192,green,good
32,163,79,green,perfect
12,9,28,black,perfect
163,92,253,purple,good
159,160,119,orange,good
87,250,255,green,poor
191,85,248,purple,good
177,163,144,purple,good
145,153,151,grey,perfect
162,203,194,grey,poor
252,99,186,pink,good
201,223,206,red,perfect
140,252,232,green,good
181,188,182,grey,perfect
70,105,72,green,perfect
244,247,189,yellow,good
101,108,121,grey,good
236,9,254,purple,good
92,101,221,blue,perfect
140,113,133,grey,poor
142,105,101,brown,poor
148,106,155,purple,poor
85,122,252,blue,perfect
180,178,174,grey,good
159,237,100,green,good
69,135,44,green,perfect
179,136,244,yellow,good
216,50,78,red,perfect
92,97,81,grey,good
247,247,195,yellow,good
83,183,245,blue,perfect
195,193,185,grey,perfect
60,198,247,blue,perfect
136,89,117,purple,perfect
31,35,15,black,perfect
85,84,254,blue,good
59,90,30,green,good
156,62,209,purple,perfect
81,157,126,green,poor
15,25,16,black,perfect
1,34,33,black,perfect
65,42,82,purple,perfect
114,206,61,green,good
251,238,233,pink,poor
189,54,112,purple,poor
154,102,175,purple,good
242,214,215,pink,good
172,248,253,blue,good
208,78,208,purple,good
255,137,160,red,poor
46,231,115,green,good
77,39,24,brown,perfect
192,217,170,green,poor
70,126,49,green,good
139,65,75,purple,poor
230,79,140,pink,poor
144,240,227,blue,good
18,15,17,black,perfect
100,103,102,grey,perfect
17,10,23,black,perfect
165,55,49,red,poor
11,48,74,blue,good
168,147,249,purple,good
219,219,215,grey,good
212,206,249,grey,good
167,220,48,green,good
2,30,42,black,poor
182,156,192,purple,good
225,243,254,blue,good
247,251,234,yellow,good
189,99,113,red,good
29,211,57,green,good
214,48,197,pink,perfect
37,35,31,black,perfect
225,17,253,pink,perfect
22,155,22,green,good
150,200,198,green,poor
28,250,0,green,perfect
8,20,13,black,perfect
33,3,37,green,poor
234,42,222,yellow,good
24,86,79,yellow,perfect
73,89,85,green,perfect
42,181,236,blue,perfect
202,209,172,purple,poor
95,30,21,purple,good
68,99,99,purple,perfect
179,94,91,brown,perfect
95,33,107,brown,good
88,90,76,brown,poor
160,156,156,pink,poor
50,61,52,black,good
142,130,154,black,perfect
237,224,211,black,poor
251,194,111,grey,poor
117,209,67,grey,good
72,85,214,grey,perfect
24,189,252,blue,good
68,201,188,green,poor
138,121,118,brown,poor
194,45,248,purple,good
122,79,63,brown,good
118,58,182,purple,perfect
41,119,70,green,good
251,12,21,red,perfect
11,10,12,black,perfect
139,68,13,brown,good
4,40,173,blue,good
234,25,133,pink,good
34,232,115,green,perfect
38,15,84,purple,perfect
252,249,180,yellow,good
205,1,255,purple,perfect
249,254,199,yellow,good
43,64,115,black,good
108,21,204,purple,perfect
223,218,255,purple,good
27,255,248,blue,poor
87,156,131,green,good
226,21,211,pink,good
224,128,94,orange,perfect
29,8,55,black,good
255,240,178,yellow,good
255,184,167,orange,poor
156,128,116,brown,perfect
11,2,1,black,perfect
176,188,186,grey,perfect
8,5,2,black,perfect
255,87,163,pink,perfect
12,21,64,blue,poor
71,89,205,purple,poor
43,29,20,brown,good
197,255,210,green,poor
36,195,253,blue,good
227,150,245,purple,good
121,255,217,green,poor
54,76,38,yellow,good
198,250,227,yellow,poor
247,162,168,pink,good
77,98,117,blue,poor
3,2,3,black,perfect
54,167,243,blue,perfect
39,69,4,green,good
253,191,92,yellow,good
74,63,103,purple,good
22,37,45,green,poor
109,142,114,green,good
56,8,57,purple,good
188,171,156,brown,poor
187,56,93,red,good
255,124,209,pink,perfect
198,202,252,purple,good
81,114,121,green,poor
178,199,67,green,good
30,72,58,green,good
41,29,49,purple,poor
5,48,206,blue,good
112,102,154,purple,good
59,253,134,green,good
35,36,41,black,good
226,218,112,yellow,poor
86,108,34,green,good
34,28,24,black,good
165,239,79,green,perfect
35,51,14,green,poor
57,121,214,blue,good
255,201,183,pink,poor
98,99,82,green,poor
4,1,4,black,good
238,250,248,green,poor
225,250,192,green,good
55,1,13,brown,poor
141,195,157,green,poor
251,70,19,red,poor
12,18,9,black,perfect
252,243,246,pink,poor
67,73,23,green,poor
49,90,13,green,good
164,120,154,purple,good
110,233,196,green,good
88,130,159,blue,poor
165,104,224,purple,perfect
32,3,1,black,perfect
36,107,22,green,good
98,150,79,green,good
93,102,143,purple,poor
255,233,224,pink,poor
143,173,85,green,good
41,14,36,brown,poor
6,10,34,black,good
3,124,1,green,perfect
241,138,170,pink,good
105,171,230,blue,good
151,93,253,purple,good
236,253,253,blue,poor
196,168,70,brown,poor
11,12,13,black,good
252,191,122,brown,poor
93,155,147,green,poor
73,2,78,purple,good
161,227,142,blue,good
201,201,201,grey,perfect
238,173,254,purple,good
12,80,254,blue,good
98,135,220,blue,poor
250,246,193,yellow,poor
200,133,93,brown,good
93,24,255,purple,poor
70,96,76,green,good
144,96,28,brown,good
255,226,245,pink,poor
251,190,245,pink,good
253,207,255,pink,good
209,14,135,red,poor
117,136,122,red,poor
103,235,224,blue,poor
255,204,23,yellow,good
241,96,120,red,poor
23,98,26,green,good
153,12,168,purple,good
40,32,117,blue,poor
8,186,36,green,good
7,69,77,green,poor
145,135,143,grey,poor
173,231,132,green,good
78,95,55,green,poor
111,211,79,green,good
127,136,156,grey,poor
18,160,8,green,good
130,191,110,green,poor
69,114,120,green,poor
2,129,6,green,good
230,233,230,grey,good
61,46,52,brown,good
85,39,24,brown,good
115,140,15,green,poor
145,142,221,purple,good
160,160,32,green,poor
55,38,7,brown,poor
235,243,141,green,poor
78,120,72,green,poor
62,68,53,red,poor
74,45,73,red,good
205,255,206,red,poor
210,204,242,red,poor
108,88,37,brown,perfect
28,23,32,pink,perfect
109,223,100,grey,perfect
18,16,14,white,perfect
19,8,97,purple,poor
67,1,1,brown,good
92,123,20,green,perfect
168,168,168,grey,perfect
45,22,99,purple,good
91,128,199,blue,perfect
53,70,66,green,good
111,111,106,grey,perfect
53,89,4,green,perfect
241,244,242,grey,good
118,173,134,green,perfect
17,86,87,green,perfect
204,155,196,pink,perfect
255,29,94,red,poor
203,241,2,green,good
73,140,160,blue,good
255,212,205,pink,good
143,216,133,green,perfect
129,45,108,purple,good
253,134,194,pink,perfect
118,226,255,blue,perfect
59,30,16,brown,good
165,69,113,pink,poor
72,124,254,blue,perfect
184,164,159,grey,poor
139,47,55,red,poor
55,181,149,green,poor
48,58,3,black,poor
242,58,208,pink,perfect
23,26,47,black,good
77,255,35,grey,good
106,124,47,green,good
107,119,10,green,poor
41,156,247,blue,perfect
43,36,20,black,perfect
235,93,174,pink,perfect
255,190,26,orange,poor
96,107,199,red,poor
255,232,62,red,good
66,85,35,red,perfect
52,138,67,orange,poor
91,89,90,orange,good
91,233,150,orange,perfect
252,253,251,green,good
193,233,203,orange,poor
0,0,0,red,good
152,105,120,grey,poor
7,116,165,grey,good
18,85,255,grey,perfect
224,184,186,grey,perfect
2,3,1,grey,perfect
163,102,1,grey,perfect
12,255,224,green,poor
3,2,3,black,perfect
165,123,176,red,poor
240,117,236,red,poor
213,216,207,red,good
184,172,171,red,good
61,3,77,red,good
70,54,66,red,good
1,1,1,black,perfect
115,66,47,brown,perfect
4,16,18,black,perfect
254,226,115,yellow,perfect
148,226,255,blue,perfect
42,126,158,blue,good
216,82,44,orange,good
62,50,197,blue,poor
7,13,51,black,perfect
67,27,54,purple,good
53,64,40,green,good
201,247,104,green,perfect
152,208,205,blue,perfect
133,115,125,purple,perfect
147,99,21,brown,perfect
6,69,209,blue,perfect
115,119,118,grey,perfect
59,88,70,green,good
96,122,46,green,perfect
36,210,148,green,poor
156,3,200,purple,perfect
101,115,162,blue,poor
238,149,201,pink,perfect
89,211,214,blue,perfect
219,220,164,green,poor
255,111,218,pink,perfect
186,200,193,grey,good
119,169,169,blue,good
113,104,167,purple,perfect
198,8,246,purple,perfect
20,10,9,black,perfect
30,16,37,white,perfect
111,255,170,green,perfect
210,155,124,brown,poor
255,242,192,yellow,good
24,102,55,red,poor
16,19,65,purple,good
30,25,254,blue,perfect
155,225,155,green,perfect
112,245,253,blue,perfect
13,20,93,purple,good
73,154,196,blue,perfect
220,220,225,white,poor
116,243,188,green,poor
39,8,10,black,perfect
170,209,178,green,poor
22,25,3,black,perfect
164,163,149,grey,good
61,224,114,green,good
207,210,209,grey,perfect
71,253,144,green,good
29,255,99,green,good
16,13,2,black,perfect
160,74,241,purple,perfect
38,77,158,blue,perfect
188,169,78,orange,poor
156,116,115,red,poor
155,255,127,green,good
65,112,208,blue,good
3,2,3,black,perfect
84,64,71,grey,poor
84,7,222,purple,good
169,241,117,green,perfect
83,244,176,green,good
173,252,202,green,good
187,12,29,red,perfect
78,176,169,blue,good
2,39,25,black,perfect
163,207,144,green,good
178,165,163,grey,poor
106,141,176,blue,good
1,133,47,green,perfect
255,153,24,orange,perfect
43,27,54,purple,perfect
41,41,34,black,perfect
103,54,95,purple,good
23,247,133,green,good
224,252,220,green,good
241,228,162,yellow,poor
192,239,68,green,good
148,151,193,purple,poor
212,43,166,pink,good
22,38,241,blue,perfect
92,132,122,green,good
125,115,13,yellow,poor
200,206,196,grey,good
4,14,16,black,perfect
255,246,224,yellow,perfect
248,222,229,pink,good
159,45,214,purple,good
22,33,219,blue,perfect
207,246,245,blue,poor
249,165,179,pink,good
148,255,243,blue,poor
76,77,75,grey,good
17,18,17,black,perfect
15,15,15,black,perfect
60,35,246,blue,perfect
40,235,51,green,perfect
83,86,83,grey,good
253,126,15,orange,perfect
28,49,37,black,perfect
232,245,222,grey,poor
149,152,160,grey,perfect
237,251,137,yellow,good
